digest,item_id,decision_recorded
2026-09-30,airports-2026-09-23-1,
2026-09-30,airports-2026-09-23-10,
2026-09-30,airports-2026-09-23-11,
2026-09-30,airports-2026-09-23-12,
2026-09-30,airports-2026-09-23-13,
2026-09-30,airports-2026-09-23-14,
2026-09-30,airports-2026-09-23-15,
2026-09-30,airports-2026-09-23-16,
2026-09-30,airports-2026-09-23-17,
2026-09-30,airports-2026-09-23-18,
2026-09-30,airports-2026-09-23-19,
2026-09-30,airports-2026-09-23-2,
2026-09-30,airports-2026-09-23-20,
2026-09-30,airports-2026-09-23-21,
2026-09-30,airports-2026-09-23-22,
2026-09-30,airports-2026-09-23-23,
2026-09-30,airports-2026-09-23-24,
2026-09-30,airports-2026-09-23-25,
2026-09-30,airports-2026-09-23-3,
2026-09-30,airports-2026-09-23-4,
2026-09-30,airports-2026-09-23-5,
2026-09-30,airports-2026-09-23-6,
2026-09-30,airports-2026-09-23-7,
2026-09-30,airports-2026-09-23-8,
2026-09-30,airports-2026-09-23-9,
2026-09-30,apc-central-2026-07-28-5,
2026-09-30,apc-central-2026-08-11-5,
2026-09-30,apc-central-2026-08-11-6,
2026-09-30,apc-central-2026-08-25-5,
2026-09-30,apc-central-2026-09-08-5,
2026-09-30,apc-east-la-2026-07-08-5,
2026-09-30,apc-east-la-2026-09-23-5,
2026-09-30,apc-east-la-2026-09-23-6,
2026-09-30,apc-east-la-2026-09-23-7,
2026-09-30,apc-east-la-2026-09-23-8,
2026-09-30,apc-north-valley-2026-08-06-5,
2026-09-30,apc-north-valley-2026-08-06-6,
2026-09-30,apc-north-valley-2026-09-17-5,
2026-09-30,apc-north-valley-2026-09-17-6,
2026-09-30,apc-south-la-2026-07-07-5,
2026-09-30,apc-south-valley-2026-08-13-5,
2026-09-30,apc-west-la-2026-08-05-5,
2026-09-30,apc-west-la-2026-08-05-6,
2026-09-30,apc-west-la-2026-08-19-5,
2026-09-30,apc-west-la-2026-08-19-6,
2026-09-30,apc-west-la-2026-09-02-5,
2026-09-30,apc-west-la-2026-10-07-5,
2026-09-30,bpw-2026-08-31-2818-1,
2026-09-30,bpw-2026-08-31-2818-2,
2026-09-30,bpw-2026-08-31-2818-3,
2026-09-30,bpw-2026-09-02-2823-1,
2026-09-30,bpw-2026-09-02-2823-2,
2026-09-30,bpw-2026-09-02-2823-3,
2026-09-30,bpw-2026-09-02-2823-4,
2026-09-30,bpw-2026-09-02-2823-5,
2026-09-30,bpw-2026-09-02-2823-6,
2026-09-30,bpw-2026-09-02-2823-7,
2026-09-30,bpw-2026-09-04-2824-1,
2026-09-30,bpw-2026-09-04-2824-2,
2026-09-30,bpw-2026-09-04-2824-3,
2026-09-30,bpw-2026-09-04-2824-4,
2026-09-30,bpw-2026-09-04-2824-5,
2026-09-30,bpw-2026-09-09-2826-1,
2026-09-30,bpw-2026-09-09-2826-10,
2026-09-30,bpw-2026-09-09-2826-2,
2026-09-30,bpw-2026-09-09-2826-3,
2026-09-30,bpw-2026-09-09-2826-4,
2026-09-30,bpw-2026-09-09-2826-5,
2026-09-30,bpw-2026-09-09-2826-6,
2026-09-30,bpw-2026-09-09-2826-7,
2026-09-30,bpw-2026-09-09-2826-8,
2026-09-30,bpw-2026-09-09-2826-9,
2026-09-30,bpw-2026-09-14-2828-1,
2026-09-30,bpw-2026-09-14-2828-2,
2026-09-30,bpw-2026-09-14-2828-3,
2026-09-30,bpw-2026-09-16-2829-1,
2026-09-30,bpw-2026-09-16-2829-2,
2026-09-30,bpw-2026-09-16-2829-3,
2026-09-30,bpw-2026-09-16-2829-4,
2026-09-30,bpw-2026-09-16-2829-5,
2026-09-30,bpw-2026-09-16-2829-6,
2026-09-30,bpw-2026-09-16-2829-7,
2026-09-30,bpw-2026-09-16-2829-8,
2026-09-30,bpw-2026-09-16-2829-9,
2026-09-30,bpw-2026-09-18-2830-1,
2026-09-30,bpw-2026-09-18-2830-2,
2026-09-30,bpw-2026-09-18-2830-3,
2026-09-30,bpw-2026-09-18-2830-4,
2026-09-30,bpw-2026-09-18-2841-1,
2026-09-30,bpw-2026-09-18-2841-2,
2026-09-30,bpw-2026-09-23-2832-1,
2026-09-30,bpw-2026-09-23-2832-10,
2026-09-30,bpw-2026-09-23-2832-11,
2026-09-30,bpw-2026-09-23-2832-2,
2026-09-30,bpw-2026-09-23-2832-3,
2026-09-30,bpw-2026-09-23-2832-4,
2026-09-30,bpw-2026-09-23-2832-5,
2026-09-30,bpw-2026-09-23-2832-6,
2026-09-30,bpw-2026-09-23-2832-7,
2026-09-30,bpw-2026-09-23-2832-8,
2026-09-30,bpw-2026-09-23-2832-9,
2026-09-30,bpw-2026-09-25-2833-1,
2026-09-30,bpw-2026-09-25-2833-2,
2026-09-30,bpw-2026-09-25-2833-3,
2026-09-30,bpw-2026-09-25-2833-4,
2026-09-30,bpw-2026-09-28-2834-1,
2026-09-30,bpw-2026-09-28-2868-1,
2026-09-30,bpw-2026-09-30-2835-1,
2026-09-30,bpw-2026-09-30-2835-2,
2026-09-30,bpw-2026-09-30-2835-3,
2026-09-30,bpw-2026-09-30-2835-4,
2026-09-30,bpw-2026-09-30-2835-5,
2026-09-30,bpw-2026-09-30-2835-6,
2026-09-30,bpw-2026-09-30-2835-7,
2026-09-30,bpw-2026-09-30-2835-8,
2026-09-30,bpw-2026-09-30-2835-9,
2026-09-30,bpw-2026-10-02-2842-1,
2026-09-30,bpw-2026-10-02-2842-2,
2026-09-30,bpw-2026-10-02-2842-3,
2026-09-30,bpw-2026-10-02-2842-4,
2026-09-30,bpw-2026-10-02-2842-5,
2026-09-30,chc-2026-07-16-10,
2026-09-30,chc-2026-07-16-4,
2026-09-30,chc-2026-07-16-5,
2026-09-30,chc-2026-07-16-6,
2026-09-30,chc-2026-07-16-7,
2026-09-30,chc-2026-07-16-8,
2026-09-30,chc-2026-07-16-9,
2026-09-30,chc-2026-08-20-4,
2026-09-30,chc-2026-08-20-5,
2026-09-30,chc-2026-09-17-4,
2026-09-30,chc-2026-09-17-5,
2026-09-30,chc-2026-09-17-6,
2026-09-30,cpc-2026-07-09-5a,
2026-09-30,cpc-2026-07-09-6,
2026-09-30,cpc-2026-07-23-5a,
2026-09-30,cpc-2026-08-13-5a,
2026-09-30,cpc-2026-08-13-5b,
2026-09-30,cpc-2026-08-13-6,
2026-09-30,cpc-2026-08-13-7,
2026-09-30,cpc-2026-08-27-5a,
2026-09-30,cpc-2026-08-27-5b,
2026-09-30,cpc-2026-08-27-6,
2026-09-30,cpc-2026-08-27-7,
2026-09-30,cpc-2026-08-27-8,
2026-09-30,cpc-2026-09-10-5a,
2026-09-30,cpc-2026-09-10-6,
2026-09-30,cpc-2026-10-08-5a,
2026-09-30,cpc-2026-10-08-6,
2026-09-30,dwp-2026-09-08-I1,
2026-09-30,dwp-2026-09-08-K1,
2026-09-30,dwp-2026-09-08-K2,
2026-09-30,dwp-2026-09-08-K3,
2026-09-30,dwp-2026-09-08-K4,
2026-09-30,dwp-2026-09-08-K5,
2026-09-30,dwp-2026-09-08-K6,
2026-09-30,dwp-2026-09-08-K7,
2026-09-30,dwp-2026-09-08-K8,
2026-09-30,dwp-2026-09-08-N1,
2026-09-30,dwp-2026-09-08-N2,
2026-09-30,dwp-2026-09-08-N3,
2026-09-30,dwp-2026-09-08-N4,
2026-09-30,dwp-2026-09-08-N5,
2026-09-30,dwp-2026-09-08-O1,
2026-09-30,dwp-2026-09-08-O2,
2026-09-30,dwp-2026-09-08-O3,
2026-09-30,dwp-2026-09-08-O4,
2026-09-30,dwp-2026-09-08-O5,
2026-09-30,dwp-2026-09-22-K1,
2026-09-30,dwp-2026-09-22-N1,
2026-09-30,dwp-2026-09-22-N2,
2026-09-30,dwp-2026-09-22-N3,
2026-09-30,dwp-2026-09-22-N4,
2026-09-30,dwp-2026-09-22-N5,
2026-09-30,dwp-2026-09-22-N6,
2026-09-30,dwp-2026-09-22-N7,
2026-09-30,dwp-2026-09-22-N8,
2026-09-30,dwp-2026-09-22-N9,
2026-09-30,dwp-2026-09-30-H1,
2026-09-30,elpueblo-2026-09-24-3.1,
2026-09-30,elpueblo-2026-09-24-3.2,
2026-09-30,elpueblo-2026-09-24-3.3,
2026-09-30,elpueblo-2026-09-24-3.4,
2026-09-30,elpueblo-2026-09-24-3.5,
2026-09-30,elpueblo-2026-09-24-3.6,
2026-09-30,elpueblo-2026-09-24-3.7,
2026-09-30,elpueblo-2026-09-24-3.8,
2026-09-30,harbor-2026-09-10-regular-1,
2026-09-30,harbor-2026-09-10-regular-2,
2026-09-30,harbor-2026-09-10-regular-3,
2026-09-30,harbor-2026-09-10-regular-4,
2026-09-30,harbor-2026-09-30-special-1,
2026-09-30,harbor-2026-09-30-special-2,
2026-09-30,harbor-2026-09-30-special-3,
2026-09-30,harbor-2026-09-30-special-4,
2026-09-30,harbor-2026-09-30-special-5,
2026-09-30,harbor-2026-09-30-special-6,
2026-09-30,harbor-2026-09-30-special-7,
2026-09-30,rap-2026-09-03-26-200,
2026-09-30,rap-2026-09-03-26-201,
2026-09-30,rap-2026-09-03-26-202,
2026-09-30,rap-2026-09-03-26-203,
2026-09-30,rap-2026-09-03-26-204,
2026-09-30,rap-2026-09-03-26-205,
2026-09-30,rap-2026-09-03-26-206,
2026-09-30,rap-2026-09-03-information-report-log-with-vc-numbers-9-03-26,
2026-09-30,rap-2026-09-17-26-207,
2026-09-30,rap-2026-09-17-26-208,
2026-09-30,rap-2026-09-17-26-209,
2026-09-30,rap-2026-09-17-26-210,
2026-09-30,rap-2026-09-17-26-211,
2026-09-30,rap-2026-09-17-26-212,
2026-09-30,rap-2026-09-17-26-213,
2026-09-30,rap-2026-09-17-26-214,
2026-09-30,rap-2026-09-17-26-215,
2026-09-30,rap-2026-09-17-26-216,
2026-09-30,rap-2026-09-17-26-217,
2026-09-30,rap-2026-09-17-information-report-log-with-vc-numbers-9-17-26,
2026-09-30,rap-2026-10-01-26-218,
2026-09-30,rap-2026-10-01-26-219,
2026-09-30,rap-2026-10-01-26-220,
2026-09-30,rap-2026-10-01-26-221,
2026-09-30,rap-2026-10-01-26-222,
2026-09-30,rap-2026-10-01-26-223,
2026-09-30,rap-2026-10-01-26-224,
2026-09-30,rap-2026-10-01-arroyo-seco-water-reuse-project-motion,
2026-09-30,rap-2026-10-01-information-report-log-with-vc-numbers-10-1-26,
2026-09-30,rap-2026-10-01-macarthur-park-perimeter-fencing-project-presentation-to-rap,
2026-09-30,transportation-2026-09-10-10,
2026-09-30,transportation-2026-09-10-11,
2026-09-30,transportation-2026-09-10-7,
2026-09-30,transportation-2026-09-10-8,
2026-09-30,transportation-2026-09-10-9,
2026-09-30,zoo-2026-09-15-general-manager-reports,
2026-09-30,zoo-2026-09-15-old-business,
2026-09-30,zoo-2026-09-15-presentation-zoo-construction-and-maintenance-prog,
2026-10-01,bpw-2026-08-31-2818-1,2026-10-01
2026-10-01,bpw-2026-08-31-2818-2,2026-10-01
2026-10-01,bpw-2026-08-31-2818-3,2026-10-01
2026-10-01,bpw-2026-09-02-2823-1,2026-10-01
2026-10-01,bpw-2026-09-02-2823-2,2026-10-01
2026-10-01,bpw-2026-09-02-2823-3,2026-10-01
2026-10-01,bpw-2026-09-02-2823-4,2026-10-01
2026-10-01,bpw-2026-09-02-2823-5,2026-10-01
2026-10-01,bpw-2026-09-02-2823-6,2026-10-01
2026-10-01,bpw-2026-09-02-2823-7,2026-10-01
2026-10-01,bpw-2026-09-04-2824-1,2026-10-01
2026-10-01,bpw-2026-09-04-2824-2,2026-10-01
2026-10-01,bpw-2026-09-04-2824-3,2026-10-01
2026-10-01,bpw-2026-09-04-2824-4,2026-10-01
2026-10-01,bpw-2026-09-04-2824-5,2026-10-01
2026-10-01,bpw-2026-09-09-2826-1,2026-10-01
2026-10-01,bpw-2026-09-09-2826-10,2026-10-01
2026-10-01,bpw-2026-09-09-2826-2,2026-10-01
2026-10-01,bpw-2026-09-09-2826-3,2026-10-01
2026-10-01,bpw-2026-09-09-2826-4,2026-10-01
2026-10-01,bpw-2026-09-09-2826-5,2026-10-01
2026-10-01,bpw-2026-09-09-2826-6,2026-10-01
2026-10-01,bpw-2026-09-09-2826-7,2026-10-01
2026-10-01,bpw-2026-09-09-2826-8,2026-10-01
2026-10-01,bpw-2026-09-09-2826-9,2026-10-01
2026-10-01,bpw-2026-09-14-2828-1,2026-10-01
2026-10-01,bpw-2026-09-14-2828-2,2026-10-01
2026-10-01,bpw-2026-09-14-2828-3,2026-10-01
2026-10-01,bpw-2026-09-16-2829-1,2026-10-01
2026-10-01,bpw-2026-09-16-2829-2,2026-10-01
2026-10-01,bpw-2026-09-16-2829-3,2026-10-01
2026-10-01,bpw-2026-09-16-2829-4,2026-10-01
2026-10-01,bpw-2026-09-16-2829-5,2026-10-01
2026-10-01,bpw-2026-09-16-2829-6,2026-10-01
2026-10-01,bpw-2026-09-16-2829-7,2026-10-01
2026-10-01,bpw-2026-09-16-2829-8,2026-10-01
2026-10-01,bpw-2026-09-16-2829-9,2026-10-01
2026-10-01,bpw-2026-09-18-2830-1,2026-10-01
2026-10-01,bpw-2026-09-18-2830-2,2026-10-01
2026-10-01,bpw-2026-09-18-2830-3,2026-10-01
2026-10-01,bpw-2026-09-18-2830-4,2026-10-01
2026-10-01,bpw-2026-09-23-2832-1,2026-10-01
2026-10-01,bpw-2026-09-23-2832-10,2026-10-01
2026-10-01,bpw-2026-09-23-2832-11,2026-10-01
2026-10-01,bpw-2026-09-23-2832-2,2026-10-01
2026-10-01,bpw-2026-09-23-2832-3,2026-10-01
2026-10-01,bpw-2026-09-23-2832-4,2026-10-01
2026-10-01,bpw-2026-09-23-2832-5,2026-10-01
2026-10-01,bpw-2026-09-23-2832-6,2026-10-01
2026-10-01,bpw-2026-09-23-2832-7,2026-10-01
2026-10-01,bpw-2026-09-23-2832-8,2026-10-01
2026-10-01,bpw-2026-09-23-2832-9,2026-10-01
2026-10-01,bpw-2026-09-25-2833-1,2026-10-01
2026-10-01,bpw-2026-09-25-2833-2,2026-10-01
2026-10-01,bpw-2026-09-25-2833-3,2026-10-01
2026-10-01,bpw-2026-09-25-2833-4,2026-10-01
2026-10-01,bpw-2026-09-28-2834-1,2026-10-01
2026-10-01,bpw-2026-09-30-2835-1,2026-10-01
2026-10-01,bpw-2026-09-30-2835-2,2026-10-01
2026-10-01,bpw-2026-09-30-2835-3,2026-10-01
2026-10-01,bpw-2026-09-30-2835-4,2026-10-01
2026-10-01,bpw-2026-09-30-2835-5,2026-10-01
2026-10-01,bpw-2026-09-30-2835-6,2026-10-01
2026-10-01,bpw-2026-09-30-2835-7,2026-10-01
2026-10-01,bpw-2026-09-30-2835-8,2026-10-01
2026-10-01,bpw-2026-09-30-2835-9,2026-10-01
2026-10-01,cfac-2026-09-03-6A,
2026-10-01,cfac-2026-09-03-6C,
2026-10-01,cfac-2026-09-03-7A,
2026-10-01,cfac-2026-09-03-7B,
2026-10-01,cfac-2026-09-03-7C,
2026-10-01,cfac-2026-09-03-7D,
2026-10-01,cfac-2026-09-03-7E,
2026-10-01,cfac-2026-09-03-8A,
2026-10-01,cfac-2026-09-03-8B,
2026-10-01,cfac-2026-09-03-8C,
2026-10-01,cfac-2026-09-03-8D,
2026-10-01,cfac-2026-09-03-8E,
2026-10-01,cpc-2026-07-09-5a,2026-10-01
2026-10-01,cpc-2026-07-23-5a,2026-10-01
2026-10-01,rap-2026-09-03-26-200,2026-10-01
2026-10-01,rap-2026-09-03-26-201,2026-10-01
2026-10-01,rap-2026-09-03-26-202,2026-10-01
2026-10-01,rap-2026-09-03-26-203,2026-10-01
2026-10-01,rap-2026-09-03-26-204,2026-10-01
2026-10-01,rap-2026-09-03-26-205,2026-10-01
2026-10-01,rap-2026-09-03-26-206,2026-10-01
2026-10-01,rap-2026-09-17-26-207,2026-10-01
2026-10-01,rap-2026-09-17-26-208,2026-10-01
2026-10-01,rap-2026-09-17-26-209,2026-10-01
2026-10-01,rap-2026-09-17-26-210,2026-10-01
2026-10-01,rap-2026-09-17-26-211,2026-10-01
2026-10-01,rap-2026-09-17-26-212,2026-10-01
2026-10-01,rap-2026-09-17-26-213,2026-10-01
2026-10-01,rap-2026-09-17-26-214,2026-10-01
2026-10-01,rap-2026-09-17-26-215,2026-10-01
2026-10-01,rap-2026-09-17-26-216,2026-10-01
2026-10-01,rap-2026-09-17-26-217,2026-10-01
2026-10-01,trees-1015,
2026-10-01,trees-1019,
2026-10-01,trees-1020,
2026-10-01,trees-1034,
2026-10-01,trees-1040,
2026-10-01,trees-1047,
2026-10-01,trees-1060,
2026-10-01,trees-1064,
2026-10-01,trees-1065,
2026-10-01,trees-1066,
2026-10-01,trees-1067,
2026-10-01,trees-1068,
2026-10-01,trees-1069,
2026-10-01,trees-1070,
2026-10-03,animal-2026-09-08-3A,
2026-10-03,animal-2026-09-08-3B,
2026-10-03,animal-2026-09-08-3C,
2026-10-03,animal-2026-09-08-3D,
2026-10-03,bbsc-2026-09-22-C1,
2026-10-03,bbsc-2026-09-22-C2,
2026-10-03,bbsc-2026-09-22-D1,
2026-10-03,bbsc-2026-09-22-D2,
2026-10-03,bbsc-2026-09-22-D3,
2026-10-03,bbsc-2026-09-22-D4,
2026-10-03,bpw-2026-10-02-2842-1,2026-10-03
2026-10-03,bpw-2026-10-02-2842-2,2026-10-03
2026-10-03,bpw-2026-10-02-2842-3,2026-10-03
2026-10-03,bpw-2026-10-02-2842-4,2026-10-03
2026-10-03,bpw-2026-10-02-2842-5,2026-10-03
2026-10-03,bpw-2026-10-07-2844-1,
2026-10-03,bpw-2026-10-07-2844-2,
2026-10-03,bpw-2026-10-07-2844-3,
2026-10-03,bpw-2026-10-07-2844-4,
2026-10-03,cac-2026-07-08-meeting,
2026-10-03,cac-2026-08-12-meeting,
2026-10-03,cfac-2026-10-08-6A,
2026-10-03,cfac-2026-10-08-6B,
2026-10-03,cfac-2026-10-08-6C,
2026-10-03,cfac-2026-10-08-6D,
2026-10-03,cfac-2026-10-08-7A,
2026-10-03,cfac-2026-10-08-7B,
2026-10-03,cfac-2026-10-08-7C,
2026-10-03,cfac-2026-10-08-7D,
2026-10-03,cfac-2026-10-08-8A,
2026-10-03,cfac-2026-10-08-8B,
2026-10-03,cfac-2026-10-08-8C,
2026-10-03,cfac-2026-10-08-8D,
2026-10-03,cfac-2026-10-08-8E,
2026-10-03,fire-2026-09-15-4A,
2026-10-03,fire-2026-09-15-4B,
2026-10-03,fire-2026-09-15-4C,
2026-10-03,fire-2026-09-30-3A,
2026-10-03,fire-2026-10-06-4A,
2026-10-03,fire-2026-10-06-4B,
2026-10-03,fire-2026-10-06-5A,
2026-10-03,fire-2026-10-06-5B,
2026-10-03,harbor-2026-10-08-special-1,
2026-10-03,harbor-2026-10-08-special-10,
2026-10-03,harbor-2026-10-08-special-2,
2026-10-03,harbor-2026-10-08-special-3,
2026-10-03,harbor-2026-10-08-special-4,
2026-10-03,harbor-2026-10-08-special-5,
2026-10-03,harbor-2026-10-08-special-6,
2026-10-03,harbor-2026-10-08-special-7,
2026-10-03,harbor-2026-10-08-special-8,
2026-10-03,harbor-2026-10-08-special-9,
2026-10-03,lacers-2026-09-08-IIIA,
2026-10-03,lacers-2026-09-08-IIIB,
2026-10-03,lacers-2026-09-08-IIIC,
2026-10-03,lacers-2026-09-08-IVB,
2026-10-03,lacers-2026-09-08-VA,
2026-10-03,lacers-2026-09-08-VB,
2026-10-03,lacers-2026-09-08-VC,
2026-10-03,lacers-2026-09-08-VIB,
2026-10-03,lacers-2026-09-08-VIC,
2026-10-03,lacers-2026-09-08-VID,
2026-10-03,lacers-2026-09-08-VIE,
2026-10-03,lacers-2026-09-08-VIF,
2026-10-03,lacers-2026-09-08-VIG,
2026-10-03,lacers-2026-09-08-VIH,
2026-10-03,lacers-2026-09-08-VII,
2026-10-03,lacers-2026-09-08-VIIA,
2026-10-03,lacers-2026-09-08-VIIB,
2026-10-03,lacers-2026-09-22-IIIA,
2026-10-03,lacers-2026-09-22-IIIB,
2026-10-03,lacers-2026-09-22-VB,
2026-10-03,lacers-2026-09-22-VC,
2026-10-03,lacers-2026-09-22-VD,
2026-10-03,lacers-2026-09-22-VIA,
2026-10-03,lacers-2026-09-22-VIIB,
2026-10-03,lafpp-2026-09-17-C1,
2026-10-03,lafpp-2026-09-17-C2,
2026-10-03,lafpp-2026-09-17-D1,
2026-10-03,lafpp-2026-09-17-D2,
2026-10-03,lafpp-2026-09-17-E1,
2026-10-03,lafpp-2026-09-17-E2,
2026-10-03,lafpp-2026-09-17-E3,
2026-10-03,lafpp-2026-09-17-E4,
2026-10-03,lafpp-2026-09-17-F1,
2026-10-03,lafpp-2026-10-01-C1,
2026-10-03,lafpp-2026-10-01-D1,
2026-10-03,lafpp-2026-10-01-D2,
2026-10-03,lafpp-2026-10-01-D3,
2026-10-03,library-2026-09-10-A,
2026-10-03,library-2026-09-10-B,
2026-10-03,metro-2026-09-16-15,
2026-10-03,metro-2026-09-16-15,2026-10-03
2026-10-03,metro-2026-09-16-16,
2026-10-03,metro-2026-09-16-16,2026-10-03
2026-10-03,metro-2026-09-24-10,
2026-10-03,metro-2026-09-24-10,2026-10-03
2026-10-03,metro-2026-09-24-11,
2026-10-03,metro-2026-09-24-11,2026-10-03
2026-10-03,metro-2026-09-24-12,
2026-10-03,metro-2026-09-24-12,2026-10-03
2026-10-03,metro-2026-09-24-13,
2026-10-03,metro-2026-09-24-13,2026-10-03
2026-10-03,metro-2026-09-24-14,
2026-10-03,metro-2026-09-24-14,2026-10-03
2026-10-03,metro-2026-09-24-17,
2026-10-03,metro-2026-09-24-17,2026-10-03
2026-10-03,metro-2026-09-24-19,
2026-10-03,metro-2026-09-24-19,2026-10-03
2026-10-03,metro-2026-09-24-20,
2026-10-03,metro-2026-09-24-20,2026-10-03
2026-10-03,metro-2026-09-24-21,
2026-10-03,metro-2026-09-24-21,2026-10-03
2026-10-03,metro-2026-09-24-22,
2026-10-03,metro-2026-09-24-22,2026-10-03
2026-10-03,metro-2026-09-24-23,
2026-10-03,metro-2026-09-24-23,2026-10-03
2026-10-03,metro-2026-09-24-25,
2026-10-03,metro-2026-09-24-25,2026-10-03
2026-10-03,metro-2026-09-24-26,
2026-10-03,metro-2026-09-24-26,2026-10-03
2026-10-03,metro-2026-09-24-27,
2026-10-03,metro-2026-09-24-27,2026-10-03
2026-10-03,metro-2026-09-24-28,
2026-10-03,metro-2026-09-24-28,2026-10-03
2026-10-03,metro-2026-09-24-29,
2026-10-03,metro-2026-09-24-29,2026-10-03
2026-10-03,metro-2026-09-24-32,
2026-10-03,metro-2026-09-24-32,2026-10-03
2026-10-03,metro-2026-09-24-34,
2026-10-03,metro-2026-09-24-34,2026-10-03
2026-10-03,metro-2026-09-24-35,
2026-10-03,metro-2026-09-24-35,2026-10-03
2026-10-03,metro-2026-09-24-36,
2026-10-03,metro-2026-09-24-36,2026-10-03
2026-10-03,metro-2026-09-24-39,
2026-10-03,metro-2026-09-24-39,2026-10-03
2026-10-03,metro-2026-09-24-40,
2026-10-03,metro-2026-09-24-40,2026-10-03
2026-10-03,metro-2026-09-24-46,
2026-10-03,metro-2026-09-24-46,2026-10-03
2026-10-03,metro-2026-09-24-5,
2026-10-03,metro-2026-09-24-5,2026-10-03
2026-10-03,metro-2026-09-24-6,
2026-10-03,metro-2026-09-24-6,2026-10-03
2026-10-03,metro-2026-09-24-7,
2026-10-03,metro-2026-09-24-7,2026-10-03
2026-10-03,metro-2026-09-24-8,
2026-10-03,metro-2026-09-24-8,2026-10-03
2026-10-03,metro-2026-09-24-9,
2026-10-03,metro-2026-09-24-9,2026-10-03
2026-10-03,plncase-AA-2026-4868-PM-CC,
2026-10-03,plncase-AA-2026-4980-PMUL,
2026-10-03,plncase-AA-2026-5067-PMUL,
2026-10-03,plncase-ADM-2026-4997-RBPA,
2026-10-03,plncase-ADM-2026-5012-RBPA,
2026-10-03,plncase-ADM-2026-5132-RBPA,
2026-10-03,plncase-APCC-2021-7874-SPE-ZAA-ZAD-SPP-DRB-1A,
2026-10-03,plncase-CPC-2026-4893-CA,
2026-10-03,plncase-DIR-2026-4902-SPPC,
2026-10-03,plncase-EAR-2026-5031-AH-AHS-HCA,
2026-10-03,plncase-ENV-2024-6025-CE-1A,
2026-10-03,plncase-ENV-2026-4870-EAF,
2026-10-03,plncase-ENV-2026-4885-EAF,
2026-10-03,plncase-ENV-2026-4894-SE,
2026-10-03,plncase-ZA-2024-7573-CU1-SPPC-HCA-1A,
2026-10-03,plncase-ZA-2026-4831-CUB,
2026-10-03,plncase-ZA-2026-4905-CUB,
2026-10-03,plncase-ZA-2026-4992-CU2-SPPC-DI,
2026-10-03,plncase-ZA-2026-5057-CUX,
2026-10-03,plncase-ZA-2026-5118-CU1-DRB-SPPC-MSP-HCA,
2026-10-03,plncase-ZA-2026-5125-ZV,
2026-10-03,police-2026-09-15-3A,
2026-10-03,police-2026-09-15-3B,
2026-10-03,police-2026-09-15-3C,
2026-10-03,police-2026-09-15-3D,
2026-10-03,police-2026-09-15-3E,
2026-10-03,police-2026-09-15-3F,
2026-10-03,police-2026-09-15-3G,
2026-10-03,police-2026-09-15-3H,
2026-10-03,police-2026-09-15-3I,
2026-10-03,police-2026-09-15-3J,
2026-10-03,police-2026-09-15-3K,
2026-10-03,police-2026-09-15-3L,
2026-10-03,police-2026-09-15-3M,
2026-10-03,police-2026-09-15-3N,
2026-10-03,police-2026-09-15-3O,
2026-10-03,police-2026-09-15-3P,
2026-10-03,police-2026-09-15-3Q,
2026-10-03,police-2026-09-15-3R,
2026-10-03,police-2026-09-15-3S,
2026-10-03,police-2026-09-15-3T,
2026-10-03,police-2026-09-15-3U,
2026-10-03,police-2026-09-15-3V,
2026-10-03,police-2026-09-15-3W,
2026-10-03,police-2026-09-15-3X,
2026-10-03,police-2026-09-15-3Y,
2026-10-03,police-2026-09-15-3Z,
2026-10-03,police-2026-09-15-4A,
2026-10-03,police-2026-09-15-4B,
2026-10-03,police-2026-09-22-4A,
2026-10-03,police-2026-09-22-4B,
2026-10-03,police-2026-09-22-4C,
2026-10-03,police-2026-09-22-4D,
2026-10-03,police-2026-09-22-4E,
2026-10-03,police-2026-09-22-4F,
2026-10-03,police-2026-09-22-4G,
2026-10-03,police-2026-09-22-5A,
2026-10-03,police-2026-09-22-5B,
2026-10-03,police-2026-09-22-5C,
2026-10-03,police-2026-09-22-5D,
2026-10-03,police-2026-09-22-5E,
2026-10-03,police-2026-09-22-5F,
2026-10-03,police-2026-09-22-5G,
2026-10-03,police-2026-09-29-4A,
2026-10-03,police-2026-09-29-4B,
2026-10-03,police-2026-09-29-4C,
2026-10-03,police-2026-09-29-4D,
2026-10-03,police-2026-09-29-4E,
2026-10-03,police-2026-09-29-4F,
2026-10-03,police-2026-09-29-4G,
2026-10-03,police-2026-09-29-4H,
2026-10-03,police-2026-09-29-4I,
2026-10-03,police-2026-09-29-5A,
2026-10-03,police-2026-09-29-5B,
2026-10-03,police-2026-10-06-3A,
2026-10-03,police-2026-10-06-3B,
2026-10-03,police-2026-10-06-3C,
2026-10-03,police-2026-10-06-3D,
2026-10-03,police-2026-10-06-3E,
2026-10-03,police-2026-10-06-3F,
2026-10-03,police-2026-10-06-4A,
2026-10-03,transportation-2026-10-08-7,
2026-10-03,transportation-2026-10-08-8,
2026-10-03,transportation-2026-10-08-9,
backfill,council-arts-parks-2026-08-11-18059-1,
backfill,council-arts-parks-2026-08-11-18059-1,2026-10-04
backfill,council-arts-parks-2026-08-11-18059-10,
backfill,council-arts-parks-2026-08-11-18059-10,2026-10-04
backfill,council-arts-parks-2026-08-11-18059-11,
backfill,council-arts-parks-2026-08-11-18059-11,2026-10-04
backfill,council-arts-parks-2026-08-11-18059-2,
backfill,council-arts-parks-2026-08-11-18059-2,2026-10-04
backfill,council-arts-parks-2026-08-11-18059-3,
backfill,council-arts-parks-2026-08-11-18059-3,2026-10-04
backfill,council-arts-parks-2026-08-11-18059-4,
backfill,council-arts-parks-2026-08-11-18059-4,2026-10-04
backfill,council-arts-parks-2026-08-11-18059-5,
backfill,council-arts-parks-2026-08-11-18059-5,2026-10-04
backfill,council-arts-parks-2026-08-11-18059-6,
backfill,council-arts-parks-2026-08-11-18059-6,2026-10-04
backfill,council-arts-parks-2026-08-11-18059-7,
backfill,council-arts-parks-2026-08-11-18059-7,2026-10-04
backfill,council-arts-parks-2026-08-11-18059-8,
backfill,council-arts-parks-2026-08-11-18059-8,2026-10-04
backfill,council-arts-parks-2026-08-11-18059-9,
backfill,council-arts-parks-2026-08-11-18059-9,2026-10-04
backfill,council-arts-parks-2026-08-25-18061-1,
backfill,council-arts-parks-2026-08-25-18061-1,2026-10-04
backfill,council-arts-parks-2026-08-25-18061-2,
backfill,council-arts-parks-2026-08-25-18061-2,2026-10-04
backfill,council-arts-parks-2026-08-25-18061-3,
backfill,council-arts-parks-2026-08-25-18061-3,2026-10-04
backfill,council-arts-parks-2026-08-25-18061-4,
backfill,council-arts-parks-2026-08-25-18061-4,2026-10-04
backfill,council-arts-parks-2026-08-25-18061-5,
backfill,council-arts-parks-2026-08-25-18061-5,2026-10-04
backfill,council-arts-parks-2026-08-25-18061-6,
backfill,council-arts-parks-2026-08-25-18061-6,2026-10-04
backfill,council-arts-parks-2026-08-25-18061-7,
backfill,council-arts-parks-2026-08-25-18061-7,2026-10-04
backfill,council-arts-parks-2026-08-25-18061-8,
backfill,council-arts-parks-2026-08-25-18061-8,2026-10-04
backfill,council-arts-parks-2026-09-16-19639-1,
backfill,council-arts-parks-2026-09-16-19639-10,
backfill,council-arts-parks-2026-09-16-19639-10,2026-10-04
backfill,council-arts-parks-2026-09-16-19639-11,
backfill,council-arts-parks-2026-09-16-19639-11,2026-10-04
backfill,council-arts-parks-2026-09-16-19639-12,
backfill,council-arts-parks-2026-09-16-19639-12,2026-10-04
backfill,council-arts-parks-2026-09-16-19639-13,
backfill,council-arts-parks-2026-09-16-19639-13,2026-10-04
backfill,council-arts-parks-2026-09-16-19639-14,
backfill,council-arts-parks-2026-09-16-19639-14,2026-10-04
backfill,council-arts-parks-2026-09-16-19639-15,
backfill,council-arts-parks-2026-09-16-19639-15,2026-10-04
backfill,council-arts-parks-2026-09-16-19639-16,
backfill,council-arts-parks-2026-09-16-19639-16,2026-10-04
backfill,council-arts-parks-2026-09-16-19639-17,
backfill,council-arts-parks-2026-09-16-19639-17,2026-10-04
backfill,council-arts-parks-2026-09-16-19639-18,
backfill,council-arts-parks-2026-09-16-19639-18,2026-10-04
backfill,council-arts-parks-2026-09-16-19639-2,
backfill,council-arts-parks-2026-09-16-19639-2,2026-10-04
backfill,council-arts-parks-2026-09-16-19639-3,
backfill,council-arts-parks-2026-09-16-19639-3,2026-10-04
backfill,council-arts-parks-2026-09-16-19639-4,
backfill,council-arts-parks-2026-09-16-19639-4,2026-10-04
backfill,council-arts-parks-2026-09-16-19639-5,
backfill,council-arts-parks-2026-09-16-19639-5,2026-10-04
backfill,council-arts-parks-2026-09-16-19639-6,
backfill,council-arts-parks-2026-09-16-19639-6,2026-10-04
backfill,council-arts-parks-2026-09-16-19639-7,
backfill,council-arts-parks-2026-09-16-19639-7,2026-10-04
backfill,council-arts-parks-2026-09-16-19639-8,
backfill,council-arts-parks-2026-09-16-19639-8,2026-10-04
backfill,council-arts-parks-2026-09-16-19639-9,
backfill,council-arts-parks-2026-09-16-19639-9,2026-10-04
backfill,council-homelessness-2026-09-09-18638-1,
backfill,council-homelessness-2026-09-09-18638-1,2026-10-04
backfill,council-homelessness-2026-09-09-18638-2,
backfill,council-homelessness-2026-09-09-18638-2,2026-10-04
backfill,council-homelessness-2026-09-09-18638-3,
backfill,council-homelessness-2026-09-09-18638-3,2026-10-04
backfill,council-housing-2026-08-05-18474-1,
backfill,council-housing-2026-08-05-18474-1,2026-10-04
backfill,council-housing-2026-08-05-18474-10,
backfill,council-housing-2026-08-05-18474-10,2026-10-04
backfill,council-housing-2026-08-05-18474-11,
backfill,council-housing-2026-08-05-18474-12,
backfill,council-housing-2026-08-05-18474-2,
backfill,council-housing-2026-08-05-18474-2,2026-10-04
backfill,council-housing-2026-08-05-18474-3,
backfill,council-housing-2026-08-05-18474-3,2026-10-04
backfill,council-housing-2026-08-05-18474-4,
backfill,council-housing-2026-08-05-18474-4,2026-10-04
backfill,council-housing-2026-08-05-18474-5,
backfill,council-housing-2026-08-05-18474-5,2026-10-04
backfill,council-housing-2026-08-05-18474-6,
backfill,council-housing-2026-08-05-18474-6,2026-10-04
backfill,council-housing-2026-08-05-18474-7,
backfill,council-housing-2026-08-05-18474-7,2026-10-04
backfill,council-housing-2026-08-05-18474-8,
backfill,council-housing-2026-08-05-18474-8,2026-10-04
backfill,council-housing-2026-08-05-18474-9,
backfill,council-housing-2026-08-05-18474-9,2026-10-04
backfill,council-housing-2026-09-16-18588-1,
backfill,council-housing-2026-09-16-18588-1,2026-10-04
backfill,council-housing-2026-09-16-18588-10,
backfill,council-housing-2026-09-16-18588-10,2026-10-04
backfill,council-housing-2026-09-16-18588-11,
backfill,council-housing-2026-09-16-18588-11,2026-10-04
backfill,council-housing-2026-09-16-18588-12,
backfill,council-housing-2026-09-16-18588-12,2026-10-04
backfill,council-housing-2026-09-16-18588-13,
backfill,council-housing-2026-09-16-18588-13,2026-10-04
backfill,council-housing-2026-09-16-18588-14,
backfill,council-housing-2026-09-16-18588-14,2026-10-04
backfill,council-housing-2026-09-16-18588-15,
backfill,council-housing-2026-09-16-18588-15,2026-10-04
backfill,council-housing-2026-09-16-18588-16,
backfill,council-housing-2026-09-16-18588-16,2026-10-04
backfill,council-housing-2026-09-16-18588-17,
backfill,council-housing-2026-09-16-18588-17,2026-10-04
backfill,council-housing-2026-09-16-18588-18,
backfill,council-housing-2026-09-16-18588-18,2026-10-04
backfill,council-housing-2026-09-16-18588-19,
backfill,council-housing-2026-09-16-18588-19,2026-10-04
backfill,council-housing-2026-09-16-18588-2,
backfill,council-housing-2026-09-16-18588-2,2026-10-04
backfill,council-housing-2026-09-16-18588-20,
backfill,council-housing-2026-09-16-18588-20,2026-10-04
backfill,council-housing-2026-09-16-18588-21,
backfill,council-housing-2026-09-16-18588-21,2026-10-04
backfill,council-housing-2026-09-16-18588-22,
backfill,council-housing-2026-09-16-18588-22,2026-10-04
backfill,council-housing-2026-09-16-18588-23,
backfill,council-housing-2026-09-16-18588-23,2026-10-04
backfill,council-housing-2026-09-16-18588-3,
backfill,council-housing-2026-09-16-18588-4,
backfill,council-housing-2026-09-16-18588-4,2026-10-04
backfill,council-housing-2026-09-16-18588-5,
backfill,council-housing-2026-09-16-18588-5,2026-10-04
backfill,council-housing-2026-09-16-18588-6,
backfill,council-housing-2026-09-16-18588-6,2026-10-04
backfill,council-housing-2026-09-16-18588-7,
backfill,council-housing-2026-09-16-18588-7,2026-10-04
backfill,council-housing-2026-09-16-18588-8,
backfill,council-housing-2026-09-16-18588-8,2026-10-04
backfill,council-housing-2026-09-16-18588-9,
backfill,council-housing-2026-09-16-18588-9,2026-10-04
backfill,council-plum-2026-08-11-18330-1,
backfill,council-plum-2026-08-11-18330-1,2026-10-04
backfill,council-plum-2026-08-11-18330-10,
backfill,council-plum-2026-08-11-18330-10,2026-10-04
backfill,council-plum-2026-08-11-18330-11,
backfill,council-plum-2026-08-11-18330-11,2026-10-04
backfill,council-plum-2026-08-11-18330-12,
backfill,council-plum-2026-08-11-18330-12,2026-10-04
backfill,council-plum-2026-08-11-18330-2,
backfill,council-plum-2026-08-11-18330-2,2026-10-04
backfill,council-plum-2026-08-11-18330-3,
backfill,council-plum-2026-08-11-18330-3,2026-10-04
backfill,council-plum-2026-08-11-18330-4,
backfill,council-plum-2026-08-11-18330-4,2026-10-04
backfill,council-plum-2026-08-11-18330-5,
backfill,council-plum-2026-08-11-18330-5,2026-10-04
backfill,council-plum-2026-08-11-18330-6,
backfill,council-plum-2026-08-11-18330-6,2026-10-04
backfill,council-plum-2026-08-11-18330-7,
backfill,council-plum-2026-08-11-18330-7,2026-10-04
backfill,council-plum-2026-08-11-18330-8,
backfill,council-plum-2026-08-11-18330-8,2026-10-04
backfill,council-plum-2026-08-11-18330-9,
backfill,council-plum-2026-08-11-18330-9,2026-10-04
backfill,council-plum-2026-08-25-18331-1,
backfill,council-plum-2026-08-25-18331-1,2026-10-04
backfill,council-plum-2026-08-25-18331-10,
backfill,council-plum-2026-08-25-18331-10,2026-10-04
backfill,council-plum-2026-08-25-18331-11,
backfill,council-plum-2026-08-25-18331-11,2026-10-04
backfill,council-plum-2026-08-25-18331-12,
backfill,council-plum-2026-08-25-18331-12,2026-10-04
backfill,council-plum-2026-08-25-18331-13,
backfill,council-plum-2026-08-25-18331-13,2026-10-04
backfill,council-plum-2026-08-25-18331-14,
backfill,council-plum-2026-08-25-18331-14,2026-10-04
backfill,council-plum-2026-08-25-18331-15,
backfill,council-plum-2026-08-25-18331-15,2026-10-04
backfill,council-plum-2026-08-25-18331-16,
backfill,council-plum-2026-08-25-18331-16,2026-10-04
backfill,council-plum-2026-08-25-18331-17,
backfill,council-plum-2026-08-25-18331-17,2026-10-04
backfill,council-plum-2026-08-25-18331-18,
backfill,council-plum-2026-08-25-18331-18,2026-10-04
backfill,council-plum-2026-08-25-18331-2,
backfill,council-plum-2026-08-25-18331-2,2026-10-04
backfill,council-plum-2026-08-25-18331-3,
backfill,council-plum-2026-08-25-18331-3,2026-10-04
backfill,council-plum-2026-08-25-18331-4,
backfill,council-plum-2026-08-25-18331-4,2026-10-04
backfill,council-plum-2026-08-25-18331-5,
backfill,council-plum-2026-08-25-18331-5,2026-10-04
backfill,council-plum-2026-08-25-18331-6,
backfill,council-plum-2026-08-25-18331-6,2026-10-04
backfill,council-plum-2026-08-25-18331-7,
backfill,council-plum-2026-08-25-18331-7,2026-10-04
backfill,council-plum-2026-08-25-18331-8,
backfill,council-plum-2026-08-25-18331-8,2026-10-04
backfill,council-plum-2026-08-25-18331-9,
backfill,council-plum-2026-08-25-18331-9,2026-10-04
backfill,council-plum-2026-09-08-18499-1,
backfill,council-plum-2026-09-08-18499-1,2026-10-04
backfill,council-plum-2026-09-08-18499-2,
backfill,council-plum-2026-09-08-18499-2,2026-10-04
backfill,council-plum-2026-09-08-18499-3,
backfill,council-plum-2026-09-08-18499-3,2026-10-04
backfill,council-plum-2026-09-08-18499-4,
backfill,council-plum-2026-09-08-18499-4,2026-10-04
backfill,council-plum-2026-09-08-18499-5,
backfill,council-plum-2026-09-08-18499-5,2026-10-04
backfill,council-plum-2026-09-08-18499-6,
backfill,council-plum-2026-09-08-18499-6,2026-10-04
backfill,council-plum-2026-09-08-18499-7,
backfill,council-plum-2026-09-08-18499-7,2026-10-04
backfill,council-plum-2026-09-08-18499-8,
backfill,council-plum-2026-09-08-18499-8,2026-10-04
backfill,council-plum-2026-09-08-18499-9,
backfill,council-plum-2026-09-08-18499-9,2026-10-04
backfill,council-plum-2026-09-22-18500-1,
backfill,council-plum-2026-09-22-18500-1,2026-10-04
backfill,council-plum-2026-09-22-18500-2,
backfill,council-plum-2026-09-22-18500-2,2026-10-04
backfill,council-plum-2026-09-22-18500-3,
backfill,council-plum-2026-09-22-18500-3,2026-10-04
backfill,council-plum-2026-09-22-18500-4,
backfill,council-plum-2026-09-22-18500-4,2026-10-04
backfill,council-plum-2026-09-22-18500-5,
backfill,council-plum-2026-09-22-18500-5,2026-10-04
backfill,council-plum-2026-09-22-18500-6,
backfill,council-plum-2026-09-22-18500-6,2026-10-04
backfill,council-plum-2026-09-22-18500-7,
backfill,council-plum-2026-09-22-18500-7,2026-10-04
backfill,council-public-works-2026-08-12-18535-1,
backfill,council-public-works-2026-08-12-18535-1,2026-10-04
backfill,council-public-works-2026-08-12-18535-10,
backfill,council-public-works-2026-08-12-18535-10,2026-10-04
backfill,council-public-works-2026-08-12-18535-11,
backfill,council-public-works-2026-08-12-18535-11,2026-10-04
backfill,council-public-works-2026-08-12-18535-2,
backfill,council-public-works-2026-08-12-18535-2,2026-10-04
backfill,council-public-works-2026-08-12-18535-3,
backfill,council-public-works-2026-08-12-18535-3,2026-10-04
backfill,council-public-works-2026-08-12-18535-4,
backfill,council-public-works-2026-08-12-18535-4,2026-10-04
backfill,council-public-works-2026-08-12-18535-5,
backfill,council-public-works-2026-08-12-18535-5,2026-10-04
backfill,council-public-works-2026-08-12-18535-6,
backfill,council-public-works-2026-08-12-18535-6,2026-10-04
backfill,council-public-works-2026-08-12-18535-7,
backfill,council-public-works-2026-08-12-18535-7,2026-10-04
backfill,council-public-works-2026-08-12-18535-8,
backfill,council-public-works-2026-08-12-18535-8,2026-10-04
backfill,council-public-works-2026-08-12-18535-9,
backfill,council-public-works-2026-08-12-18535-9,2026-10-04
backfill,council-public-works-2026-08-12-18556-1,
backfill,council-public-works-2026-08-12-18556-1,2026-10-04
backfill,council-public-works-2026-08-26-18585-1,
backfill,council-public-works-2026-08-26-18585-1,2026-10-04
backfill,council-public-works-2026-08-26-18585-10,
backfill,council-public-works-2026-08-26-18585-10,2026-10-04
backfill,council-public-works-2026-08-26-18585-11,
backfill,council-public-works-2026-08-26-18585-11,2026-10-04
backfill,council-public-works-2026-08-26-18585-12,
backfill,council-public-works-2026-08-26-18585-12,2026-10-04
backfill,council-public-works-2026-08-26-18585-2,
backfill,council-public-works-2026-08-26-18585-2,2026-10-04
backfill,council-public-works-2026-08-26-18585-3,
backfill,council-public-works-2026-08-26-18585-3,2026-10-04
backfill,council-public-works-2026-08-26-18585-4,
backfill,council-public-works-2026-08-26-18585-4,2026-10-04
backfill,council-public-works-2026-08-26-18585-5,
backfill,council-public-works-2026-08-26-18585-5,2026-10-04
backfill,council-public-works-2026-08-26-18585-6,
backfill,council-public-works-2026-08-26-18585-6,2026-10-04
backfill,council-public-works-2026-08-26-18585-7,
backfill,council-public-works-2026-08-26-18585-7,2026-10-04
backfill,council-public-works-2026-08-26-18585-8,
backfill,council-public-works-2026-08-26-18585-8,2026-10-04
backfill,council-public-works-2026-08-26-18585-9,
backfill,council-public-works-2026-08-26-18585-9,2026-10-04
backfill,council-public-works-2026-09-08-18623-1,
backfill,council-public-works-2026-09-08-18623-1,2026-10-04
backfill,council-public-works-2026-09-08-18623-10,
backfill,council-public-works-2026-09-08-18623-10,2026-10-04
backfill,council-public-works-2026-09-08-18623-11,
backfill,council-public-works-2026-09-08-18623-11,2026-10-04
backfill,council-public-works-2026-09-08-18623-2,
backfill,council-public-works-2026-09-08-18623-2,2026-10-04
backfill,council-public-works-2026-09-08-18623-3,
backfill,council-public-works-2026-09-08-18623-3,2026-10-04
backfill,council-public-works-2026-09-08-18623-4,
backfill,council-public-works-2026-09-08-18623-4,2026-10-04
backfill,council-public-works-2026-09-08-18623-5,
backfill,council-public-works-2026-09-08-18623-5,2026-10-04
backfill,council-public-works-2026-09-08-18623-6,
backfill,council-public-works-2026-09-08-18623-6,2026-10-04
backfill,council-public-works-2026-09-08-18623-7,
backfill,council-public-works-2026-09-08-18623-7,2026-10-04
backfill,council-public-works-2026-09-08-18623-8,
backfill,council-public-works-2026-09-08-18623-8,2026-10-04
backfill,council-public-works-2026-09-08-18623-9,
backfill,council-public-works-2026-09-08-18623-9,2026-10-04
backfill,council-public-works-2026-09-22-20692-1,
backfill,council-public-works-2026-09-22-20692-1,2026-10-04
backfill,council-public-works-2026-09-22-20692-2,
backfill,council-public-works-2026-09-22-20692-2,2026-10-04
backfill,council-public-works-2026-09-22-20692-3,
backfill,council-public-works-2026-09-22-20692-3,2026-10-04
backfill,council-public-works-2026-09-22-20692-4,
backfill,council-public-works-2026-09-22-20692-4,2026-10-04
backfill,council-public-works-2026-09-22-20692-5,
backfill,council-public-works-2026-09-22-20692-5,2026-10-04
backfill,council-public-works-2026-09-22-20692-6,
backfill,council-public-works-2026-09-22-20692-6,2026-10-04
backfill,council-public-works-2026-09-22-20692-7,
backfill,council-public-works-2026-09-22-20692-7,2026-10-04
backfill,council-transportation-2026-08-12-18511-1,
backfill,council-transportation-2026-08-12-18511-1,2026-10-04
backfill,council-transportation-2026-08-12-18511-10,
backfill,council-transportation-2026-08-12-18511-10,2026-10-04
backfill,council-transportation-2026-08-12-18511-11,
backfill,council-transportation-2026-08-12-18511-11,2026-10-04
backfill,council-transportation-2026-08-12-18511-12,
backfill,council-transportation-2026-08-12-18511-12,2026-10-04
backfill,council-transportation-2026-08-12-18511-13,
backfill,council-transportation-2026-08-12-18511-13,2026-10-04
backfill,council-transportation-2026-08-12-18511-14,
backfill,council-transportation-2026-08-12-18511-14,2026-10-04
backfill,council-transportation-2026-08-12-18511-15,
backfill,council-transportation-2026-08-12-18511-15,2026-10-04
backfill,council-transportation-2026-08-12-18511-16,
backfill,council-transportation-2026-08-12-18511-16,2026-10-04
backfill,council-transportation-2026-08-12-18511-17,
backfill,council-transportation-2026-08-12-18511-17,2026-10-04
backfill,council-transportation-2026-08-12-18511-18,
backfill,council-transportation-2026-08-12-18511-18,2026-10-04
backfill,council-transportation-2026-08-12-18511-19,
backfill,council-transportation-2026-08-12-18511-19,2026-10-04
backfill,council-transportation-2026-08-12-18511-2,
backfill,council-transportation-2026-08-12-18511-2,2026-10-04
backfill,council-transportation-2026-08-12-18511-20,
backfill,council-transportation-2026-08-12-18511-3,
backfill,council-transportation-2026-08-12-18511-3,2026-10-04
backfill,council-transportation-2026-08-12-18511-4,
backfill,council-transportation-2026-08-12-18511-4,2026-10-04
backfill,council-transportation-2026-08-12-18511-5,
backfill,council-transportation-2026-08-12-18511-5,2026-10-04
backfill,council-transportation-2026-08-12-18511-6,
backfill,council-transportation-2026-08-12-18511-6,2026-10-04
backfill,council-transportation-2026-08-12-18511-7,
backfill,council-transportation-2026-08-12-18511-7,2026-10-04
backfill,council-transportation-2026-08-12-18511-8,
backfill,council-transportation-2026-08-12-18511-8,2026-10-04
backfill,council-transportation-2026-08-12-18511-9,
backfill,council-transportation-2026-08-12-18511-9,2026-10-04
backfill,council-transportation-2026-09-16-18573-1,
backfill,council-transportation-2026-09-16-18573-1,2026-10-04
backfill,council-transportation-2026-09-16-18573-10,
backfill,council-transportation-2026-09-16-18573-10,2026-10-04
backfill,council-transportation-2026-09-16-18573-11,
backfill,council-transportation-2026-09-16-18573-11,2026-10-04
backfill,council-transportation-2026-09-16-18573-12,
backfill,council-transportation-2026-09-16-18573-12,2026-10-04
backfill,council-transportation-2026-09-16-18573-13,
backfill,council-transportation-2026-09-16-18573-13,2026-10-04
backfill,council-transportation-2026-09-16-18573-2,
backfill,council-transportation-2026-09-16-18573-2,2026-10-04
backfill,council-transportation-2026-09-16-18573-3,
backfill,council-transportation-2026-09-16-18573-3,2026-10-04
backfill,council-transportation-2026-09-16-18573-4,
backfill,council-transportation-2026-09-16-18573-4,2026-10-04
backfill,council-transportation-2026-09-16-18573-5,
backfill,council-transportation-2026-09-16-18573-5,2026-10-04
backfill,council-transportation-2026-09-16-18573-6,
backfill,council-transportation-2026-09-16-18573-6,2026-10-04
backfill,council-transportation-2026-09-16-18573-7,
backfill,council-transportation-2026-09-16-18573-7,2026-10-04
backfill,council-transportation-2026-09-16-18573-8,
backfill,council-transportation-2026-09-16-18573-8,2026-10-04
backfill,council-transportation-2026-09-16-18573-9,
backfill,council-transportation-2026-09-16-18573-9,2026-10-04
backfill,council-environment-2026-08-04-18526-1,
backfill,council-environment-2026-08-04-18526-1,2026-10-04
backfill,council-environment-2026-08-04-18526-2,
backfill,council-environment-2026-08-04-18526-2,2026-10-04
backfill,council-environment-2026-08-04-18526-3,
backfill,council-environment-2026-08-04-18526-3,2026-10-04
backfill,council-environment-2026-08-04-18526-4,
backfill,council-environment-2026-08-04-18526-4,2026-10-04
backfill,council-environment-2026-08-04-18526-5,
backfill,council-environment-2026-08-04-18526-5,2026-10-04
backfill,council-environment-2026-08-04-18526-6,
backfill,council-environment-2026-08-04-18526-6,2026-10-04
backfill,council-environment-2026-08-04-18526-7,
backfill,council-environment-2026-08-04-18526-7,2026-10-04
backfill,council-environment-2026-08-04-18526-8,
backfill,council-environment-2026-08-04-18526-8,2026-10-04
backfill,council-environment-2026-08-18-18569-1,
backfill,council-environment-2026-08-18-18569-1,2026-10-04
backfill,council-environment-2026-08-18-18569-2,
backfill,council-environment-2026-08-18-18569-2,2026-10-04
backfill,council-environment-2026-08-18-18569-3,
backfill,council-environment-2026-08-18-18569-3,2026-10-04
backfill,council-environment-2026-08-18-18569-4,
backfill,council-environment-2026-08-18-18569-4,2026-10-04
backfill,council-environment-2026-08-18-18569-5,
backfill,council-environment-2026-08-18-18569-5,2026-10-04
backfill,council-environment-2026-08-18-18569-6,
backfill,council-environment-2026-08-18-18569-6,2026-10-04
backfill,council-environment-2026-08-18-18569-7,
backfill,council-environment-2026-08-18-18569-7,2026-10-04
backfill,council-environment-2026-08-18-18569-8,
backfill,council-environment-2026-08-18-18569-8,2026-10-04
backfill,council-environment-2026-08-18-18569-9,
backfill,council-environment-2026-08-18-18569-9,2026-10-04
